{
    "view1": {
        "CameraPosition": [12.129865875154303, -1.7682706520433922, 15.058210096724071],
        "CameraFocalPoint": [5.563449216069935, 7.382403964742314, 5.5274752008972134],
        "CameraViewUp": [-0.8103566161024107, -0.5859216258503844, -0.0042430059972105305],
        "CameraParallelScale": 0.831055628270521
    },
    "view2": {
        "CameraPosition": [9.291714793904028, -4.435503038243161, -3.6859608885699227],
        "CameraFocalPoint": [6.507216857492214, 5.855352309432188, 6.513668947500526],
        "CameraViewUp": [-0.9137158059353181, -0.3826837791240709, 0.13666217903755107],
        "CameraParallelScale": 0.831055628270521
    },
    "view3": {
        "CameraPosition": [3.5129208048578215, 7.571079159231421, 19.228609871257564],
        "CameraFocalPoint": [6.317899899921676, 6.625350904787019, 4.774362340426972],
        "CameraViewUp": [-0.8026562045712071, -0.5847530066038298, -0.11750292988315668],
        "CameraParallelScale": 0.831055628270521
    },
    "view4": {
        "CameraPosition": [-7.948214742197364, 8.187892547692423, 5.344689290118836],
        "CameraFocalPoint": [6.649393724812109, 6.412476755889555, 6.5468985679206675],
        "CameraViewUp": [-0.12906392112621343, -0.9852824579392627, 0.11207578837863057],
        "CameraParallelScale": 0.831055628270521
    }  
}
